Colocação,DivisÃ£o,Categoria,Atleta,Pista 1,Pista 2,Total
1,Revolver,Shot Precision 2023 Agosto,FERNANDO ROSSATO,9.22,9,18.22
2,Revolver,Shot Precision 2023 Agosto,FRANCISCO ALVES CORREA DE TOLEDO NETO,8.84,10,18.84
3,Revolver,Shot Precision 2023 Agosto,FRANCISCO DAS CHAGAS ALVES DE SOUSA,9.15,12,21.15
4,Revolver,Shot Precision 2023 Agosto,WANDERLEY MONTORO   ,9.4,15,24.4
5,Revolver,Shot Precision 2023 Agosto,PAULO RENATO BARROS DE SOUZA ,14.21,13,27.21
6,Revolver,Shot Precision 2023 Agosto,MARCELO KARL MEDEIROS   ,9.46,18,27.46
7,Revolver,Shot Precision 2023 Agosto,AFONSO PEREIRA DE GOUVEA NETO ,27.8,3,30.8
8,Revolver,Shot Precision 2023 Agosto,DENNYS RODRIGO CASTELLANI   ,13.72,29,42.72
9,Revolver,Shot Precision 2023 Agosto,FELIPE PAVAN EIRAS   ,14.05,29,43.05
10,Revolver,Shot Precision 2023 Agosto,EDILSON HAYASHI   ,23.63,20,43.63
11,Revolver,Shot Precision 2023 Agosto,LAZARO NOGUEIRA PINTO JUNIOR  ,21.91,26,47.91
12,Revolver,Shot Precision 2023 Agosto,NUNO ROBERTO COELHO PIO  ,29.67,19,48.67
13,Revolver,Shot Precision 2023 Agosto,GILBERTO DA SILVA LIMA JUNIOR ,13.08,36,49.08
14,Revolver,Shot Precision 2023 Agosto,MIGUEL FELIPE MACEDO SANTOS  ,28.31,27,55.31
1,Carabina Semi-Auto,Shot Precision 2023 Agosto,FERNANDO ROSSATO          ,5.08,6,11.08
2,Carabina Semi-Auto,Shot Precision 2023 Agosto,FELIPE PAVAN EIRAS         ,6.9,7,13.9
3,Carabina Semi-Auto,Shot Precision 2023 Agosto,PAULUS CESAR DE SIMONE        ,9.89,11,20.89
4,Carabina Semi-Auto,Shot Precision 2023 Agosto,BENJAMIM TOMAZETTO NETO         ,7.51,15,22.51
5,Carabina Semi-Auto,Shot Precision 2023 Agosto,DIEGO CESAR DE BRITO        ,9.08,16,25.08
6,Carabina Semi-Auto,Shot Precision 2023 Agosto,REYNALDO VELASCO PUGGI         ,9.12,19,28.12
7,Carabina Semi-Auto,Shot Precision 2023 Agosto,ALEXANDRE VILLELLA JUNIOR         ,11.51,21,32.51
8,Carabina Semi-Auto,Shot Precision 2023 Agosto,SILVIA MARIA DE OLIVEIRA VELASCO PUGGI      ,15.62,26,41.62
1,Carabina Puma,Shot Precision 2023 Agosto,LEONEL DE CASTRO BONILHA        ,6.74,0,6.74
2,Carabina Puma,Shot Precision 2023 Agosto,RAPHAEL REVERT DOS SANTOS        ,13.36,0,13.36
3,Carabina Puma,Shot Precision 2023 Agosto,CAIO CESAR VIEIRA BIO        ,9.4,4,13.4
4,Carabina Puma,Shot Precision 2023 Agosto,FERNANDO ROSSATO          ,8.94,6,14.94
5,Carabina Puma,Shot Precision 2023 Agosto,ADEMAR PAULINO DE ARANTES FILHO       ,11.45,5,16.45
6,Carabina Puma,Shot Precision 2023 Agosto,FRANCISCO DAS CHAGAS ALVES DE SOUSA      ,11.23,6,17.23
7,Carabina Puma,Shot Precision 2023 Agosto,MARCOS CESAR RODRIGUES BIO        ,11.91,7,18.91
8,Carabina Puma,Shot Precision 2023 Agosto,DOUGLAS OTELAC          ,15.23,4,19.23
9,Carabina Puma,Shot Precision 2023 Agosto,DENNYS RODRIGO CASTELLANI         ,13.02,9,22.02
10,Carabina Puma,Shot Precision 2023 Agosto,NEY CASSONI          ,11.42,11,22.42
11,Carabina Puma,Shot Precision 2023 Agosto,MARCELO VICENTE RIBEIRO         ,14.88,8,22.88
12,Carabina Puma,Shot Precision 2023 Agosto,CASSIO DRUMMOND MENDES DE ALMEIDA       ,11.83,13,24.83
13,Carabina Puma,Shot Precision 2023 Agosto,MARCUS VINICIUS ISHIKAWA         ,13.85,11,24.85
14,Carabina Puma,Shot Precision 2023 Agosto,CHRISTIAN SANTOS PEREIRA         ,21.36,4,25.36
15,Carabina Puma,Shot Precision 2023 Agosto,EDUARDO ANDRADE RUBIA         ,14.96,11,25.96
16,Carabina Puma,Shot Precision 2023 Agosto,NUNO ROBERTO COELHO PIO        ,10.68,18,28.68
17,Carabina Puma,Shot Precision 2023 Agosto,RUY GROBEL          ,19.91,9,28.91
18,Carabina Puma,Shot Precision 2023 Agosto,NEJI SALEH RIMAN         ,14.57,18,32.57
19,Carabina Puma,Shot Precision 2023 Agosto,MARCELLO CYRILLO VAZZOLER         ,26.85,9,35.85
20,Carabina Puma,Shot Precision 2023 Agosto,WANDERLEY MONTORO          ,22.96,14,36.96
21,Carabina Puma,Shot Precision 2023 Agosto,PAULO RENATO BARROS SOUZA        ,25.34,13,38.34
1,Carabina 22Lr,Shot Precision 2023 Agosto,FRANCISCO ALVES CORREA DE TOLEDO NETO      ,4.79,4,8.79
2,Carabina 22Lr,Shot Precision 2023 Agosto,EDUARDO GORNATI GONÇALVES         ,6.96,4,10.96
3,Carabina 22Lr,Shot Precision 2023 Agosto,FERNANDO ROSSATO          ,7.17,4,11.17
4,Carabina 22Lr,Shot Precision 2023 Agosto,MARCOS CESAR RODRIGUES BIO        ,8.03,4,12.03
5,Carabina 22Lr,Shot Precision 2023 Agosto,CHRISTIAN SANTOS PEREIRA         ,13.13,2,15.13
6,Carabina 22Lr,Shot Precision 2023 Agosto,VALERIA CRISTINA SANTINI TEODORO        ,7.46,8,15.46
7,Carabina 22Lr,Shot Precision 2023 Agosto,GUSTAVO SANTINI TEODORO         ,6.47,9,15.47
8,Carabina 22Lr,Shot Precision 2023 Agosto,CAIO CESAR VIEIRA BIO        ,5.06,11,16.06
9,Carabina 22Lr,Shot Precision 2023 Agosto,PAULO RENATO BARROS SOUZA        ,8.35,9,17.35
10,Carabina 22Lr,Shot Precision 2023 Agosto,ALEXANDRE R. VARGAS         ,6.8,13,19.8
11,Carabina 22Lr,Shot Precision 2023 Agosto,RUY GROBEL          ,8.93,12,20.93
12,Carabina 22Lr,Shot Precision 2023 Agosto,AFONSO PEREIRA DE GOUVEA NETO       ,10.16,12,22.16
13,Carabina 22Lr,Shot Precision 2023 Agosto,NUNO ROBERTO COELHO PIO        ,10.07,13,23.07
14,Carabina 22Lr,Shot Precision 2023 Agosto,ISAIAS WILSON MOREIRA BARROS        ,6.47,20,26.47
15,Carabina 22Lr,Shot Precision 2023 Agosto,LEANDRO MAGELA DA SILVA        ,9.41,18,27.41
16,Carabina 22Lr,Shot Precision 2023 Agosto,WANDERLEY MONTORO          ,5.63,24,29.63
1,Pistola,Shot Precision 2023 Agosto,FERNANDO ROSSATO          ,6.21,9,15.21
2,Pistola,Shot Precision 2023 Agosto,ADEMAR PAULINO DE ARANTES NETO       ,10.49,7,17.49
3,Pistola,Shot Precision 2023 Agosto,PETERSON HENRIQUE MOREIRA VIEIRA        ,5.38,13,18.38
4,Pistola,Shot Precision 2023 Agosto,MARCELO KARL MEDEIROS         ,9.88,9,18.88
5,Pistola,Shot Precision 2023 Agosto,CAIO CESAR VIEIRA BIO        ,8.34,13,21.34
6,Pistola,Shot Precision 2023 Agosto,FRANCISCO ALVES CORREA DE TOLEDO NETO      ,5.5,16,21.5
7,Pistola,Shot Precision 2023 Agosto,CHRISTIAN SANTOS PEREIRA         ,16.82,5,21.82
8,Pistola,Shot Precision 2023 Agosto,RAFAEL BOARI          ,8.07,15,23.07
9,Pistola,Shot Precision 2023 Agosto,ANGELO ANTONIO ASSUNÇÃO SANTANA        ,9.29,14,23.29
10,Pistola,Shot Precision 2023 Agosto,LUIZ TADEU SEL FRANCO        ,10.36,13,23.36
11,Pistola,Shot Precision 2023 Agosto,FELIPE PAVAN EIRAS         ,8.79,15,23.79
12,Pistola,Shot Precision 2023 Agosto,WANDERLEY MONTORO          ,7.36,17,24.36
13,Pistola,Shot Precision 2023 Agosto,ANTONIO HENRIQUE FERNANDES         ,11.51,13,24.51
14,Pistola,Shot Precision 2023 Agosto,HUMBERTO DE MENDONÇA CAMPOS        ,7.4,18,25.4
15,Pistola,Shot Precision 2023 Agosto,GUSTAVO SANTINI TEODORO         ,10.72,15,25.72
16,Pistola,Shot Precision 2023 Agosto,FRANCISCO DAS CHAGAS ALVES DE SOUSA      ,9.13,17,26.13
17,Pistola,Shot Precision 2023 Agosto,PAULO RENATO BARROS DE SOUZA       ,11.9,15,26.9
18,Pistola,Shot Precision 2023 Agosto,CLAUDIO DONIZETECLAUDIO DONIZETE         ,16.93,10,26.93
19,Pistola,Shot Precision 2023 Agosto,PAULO SOUZA DE ANDRADE        ,6.12,21,27.12
20,Pistola,Shot Precision 2023 Agosto,DANILO DE DOMENICO         ,8.81,19,27.81
21,Pistola,Shot Precision 2023 Agosto,CHRISTIAN POMME SFEIR         ,13.83,14,27.83
22,Pistola,Shot Precision 2023 Agosto,REYNALDO VELASCO PUGGI         ,9.85,20,29.85
23,Pistola,Shot Precision 2023 Agosto,ALEXANDRE R. VAGAR         ,13.03,17,30.03
24,Pistola,Shot Precision 2023 Agosto,DAVID WANG HO         ,7.4,23,30.4
25,Pistola,Shot Precision 2023 Agosto,RODRIGO LUZ          ,8.73,22,30.73
26,Pistola,Shot Precision 2023 Agosto,DEMIAN GUI          ,8.88,22,30.88
27,Pistola,Shot Precision 2023 Agosto,DOUGLAS OTELAC          ,10.02,21,31.02
28,Pistola,Shot Precision 2023 Agosto,JOÃO BENHAYON PIMENTA CAMARGO        ,11.24,20,31.24
29,Pistola,Shot Precision 2023 Agosto,ORLANDO BARBOSA PEREIRA         ,11.77,20,31.77
30,Pistola,Shot Precision 2023 Agosto,MARCELO FRANÇA SIDOTI         ,15.19,17,32.19
31,Pistola,Shot Precision 2023 Agosto,ADEMIR DE MEDEIROS         ,12.81,20,32.81
32,Pistola,Shot Precision 2023 Agosto,CESAR AUGUSTO FURTADO FRANCO        ,8.94,24,32.94
33,Pistola,Shot Precision 2023 Agosto,ANGELO JOSE DA COSTA FILHO       ,19.58,14,33.58
34,Pistola,Shot Precision 2023 Agosto,ARTUR AUGUSTO BERNABE DA COSTA MARQUES      ,14.14,20,34.14
35,Pistola,Shot Precision 2023 Agosto,ALEXANDRE DE PAIVA CUISSE        ,12.31,22,34.31
36,Pistola,Shot Precision 2023 Agosto,FERNANDA RAMOS DO NASCIMENTO POGGETTI       ,10.33,24,34.33
37,Pistola,Shot Precision 2023 Agosto,EVERTON LUIS CARRAVIERI         ,17.99,17,34.99
38,Pistola,Shot Precision 2023 Agosto,FRANCISCO DE ASSIS CAMARGO MARQUES       ,15.1,20,35.1
39,Pistola,Shot Precision 2023 Agosto,JOSE ANTONIO MARIOTTO DE FARIA       ,11.36,24,35.36
40,Pistola,Shot Precision 2023 Agosto,MARCOS CESAR RODRIGUES BIO        ,9.82,26,35.82
41,Pistola,Shot Precision 2023 Agosto,DIEGO CESAR DE BRITO        ,11.92,24,35.92
42,Pistola,Shot Precision 2023 Agosto,ERIK EIDI NISHIDA         ,7.98,28,35.98
43,Pistola,Shot Precision 2023 Agosto,JEAN CARLOS DA SILVA GOMES       ,12.53,24,36.53
44,Pistola,Shot Precision 2023 Agosto,EDERSON RODRIGUES MILANESI         ,9.02,28,37.02
45,Pistola,Shot Precision 2023 Agosto,BRUNO LEITE DOS SANTOS        ,11.03,26,37.03
46,Pistola,Shot Precision 2023 Agosto,CRISTIAN RIBEIRO DE CARVALHO LIMA       ,10.04,27,37.04
47,Pistola,Shot Precision 2023 Agosto,PAULO ROBERTO MENDES DE FARIA       ,21.46,16,37.46
48,Pistola,Shot Precision 2023 Agosto,ALEXANDRE R. VARGAS         ,8.09,30,38.09
49,Pistola,Shot Precision 2023 Agosto,JOSE CLAUDIO FERNANDES         ,9.46,29,38.46
50,Pistola,Shot Precision 2023 Agosto,ALEXANDRE VILLELA JUNIOR         ,14.6,24,38.6
51,Pistola,Shot Precision 2023 Agosto,LEANDRO MAGELA DA SILVA        ,18.84,20,38.84
52,Pistola,Shot Precision 2023 Agosto,SILVIA MARIA DE OLIVEIRA VELASCO PUGGI      ,15.36,24,39.36
53,Pistola,Shot Precision 2023 Agosto,LUIZ FERNANDO NAMURA         ,14.59,25,39.59
54,Pistola,Shot Precision 2023 Agosto,CARLOS EDUARDO SANTOS MIDÕES        ,9.72,30,39.72
55,Pistola,Shot Precision 2023 Agosto,ANDRE LUIZ CUNHA GUISARD        ,13.8,26,39.8
56,Pistola,Shot Precision 2023 Agosto,RICARDO GABRIEL          ,11.81,28,39.81
57,Pistola,Shot Precision 2023 Agosto,RAPHAEL TEIXEIRA DE SÁ        ,13.62,27,40.62
58,Pistola,Shot Precision 2023 Agosto,FRANCISCO CARLOS SEDEÑO DOS SANTOS       ,27.09,14,41.09
59,Pistola,Shot Precision 2023 Agosto,ANDRE DE OLIVEIRA PINTO        ,14.21,28,42.21
60,Pistola,Shot Precision 2023 Agosto,ALEXXEI DIGIGOV          ,16.25,26,42.25
61,Pistola,Shot Precision 2023 Agosto,MARCUS VINICIUS ZANGRANDI BARBOSA        ,27,16,43
62,Pistola,Shot Precision 2023 Agosto,OTAVIO FERREIRA DE MELLO        ,21.06,22,43.06
63,Pistola,Shot Precision 2023 Agosto,SANDRO APARECIDO CAPELLARI         ,28.14,15,43.14
64,Pistola,Shot Precision 2023 Agosto,WAGNER FRANCO          ,15.15,28,43.15
65,Pistola,Shot Precision 2023 Agosto,HARLEY ZANAROTTI ABUD         ,13.38,30,43.38
66,Pistola,Shot Precision 2023 Agosto,GIORDANO AUGUSTO DE SOUZA VIANA       ,20.64,23,43.64
67,Pistola,Shot Precision 2023 Agosto,RENAN ZORZI ABBAS         ,18.84,25,43.84
68,Pistola,Shot Precision 2023 Agosto,ANDRE ROBLES EISENLOHR         ,17.06,27,44.06
69,Pistola,Shot Precision 2023 Agosto,RAPHAEL REVERT DOS SANTOS        ,18.07,26,44.07
70,Pistola,Shot Precision 2023 Agosto,ERICO PICCARDO SHIROIWA         ,15.09,29,44.09
71,Pistola,Shot Precision 2023 Agosto,FRANCISCO DE ASSIS MUZZI ALEM       ,13.56,31,44.56
72,Pistola,Shot Precision 2023 Agosto,JANDERSON JORGE RODRIGUES         ,20.61,24,44.61
73,Pistola,Shot Precision 2023 Agosto,FERNANDO LUCCHESI ANTUNES DE OLIVEIRA       ,14.94,30,44.94
74,Pistola,Shot Precision 2023 Agosto,ADEMAR PAULINO DE ARANTES FILHO       ,14.05,31,45.05
75,Pistola,Shot Precision 2023 Agosto,NUNO ROBERTO COELHO PIO        ,17.36,28,45.36
76,Pistola,Shot Precision 2023 Agosto,FELIPE COUTO DE OLIVEIRA        ,13.68,32,45.68
77,Pistola,Shot Precision 2023 Agosto,LUCAS ZUCCHELLO          ,13.5,33,46.5
78,Pistola,Shot Precision 2023 Agosto,VALDECI FERREIRA MARCONDES         ,10.65,36,46.65
79,Pistola,Shot Precision 2023 Agosto,ANDRE SANTOS OLIVEIRA LEITE        ,15.51,32,47.51
80,Pistola,Shot Precision 2023 Agosto,LUCAS ROBERTO CORRÊA         ,7.88,40,47.88
81,Pistola,Shot Precision 2023 Agosto,WILLIAM O. S. SILVIA        ,14.93,33,47.93
82,Pistola,Shot Precision 2023 Agosto,ALESSANDRO JOSE POGGETTI         ,20.98,27,47.98
83,Pistola,Shot Precision 2023 Agosto,JORGE BESPALOFF          ,26.98,21,47.98
84,Pistola,Shot Precision 2023 Agosto,HELIO GOMES GANDIM         ,17.8,31,48.8
85,Pistola,Shot Precision 2023 Agosto,LUCAS CARNELIO CALAZANS CASTILHO DOS SANTOS      ,24.02,26,50.02
86,Pistola,Shot Precision 2023 Agosto,LEONARDO CARDOSO GOMES         ,18.05,32,50.05
87,Pistola,Shot Precision 2023 Agosto,MARCIO DE QUEIROZ ELIAS        ,12.3,38,50.3
88,Pistola,Shot Precision 2023 Agosto,WAGNER BOLOGNESI          ,30.3,20,50.3
89,Pistola,Shot Precision 2023 Agosto,DANIEL ANTONIO GUIMARAES SILVA        ,8.51,42,50.51
90,Pistola,Shot Precision 2023 Agosto,DANILO BUZZO          ,12.72,38,50.72
91,Pistola,Shot Precision 2023 Agosto,KELLERMAN SEDA JURASSECHE         ,21.1,30,51.1
92,Pistola,Shot Precision 2023 Agosto,DIMAS GERALDO DOS SANTOS        ,13.05,40,53.05
93,Pistola,Shot Precision 2023 Agosto,JOAO ANIBAL CARNEIRO FILHO        ,16.52,38,54.52
94,Pistola,Shot Precision 2023 Agosto,NEJI SALEH RIMAN         ,19.27,36,55.27
95,Pistola,Shot Precision 2023 Agosto,ERICK VITOR E SILVA        ,22.29,33,55.29
96,Pistola,Shot Precision 2023 Agosto,MARCOS DOS SANTOS CARNEIRO        ,15.73,40,55.73
97,Pistola,Shot Precision 2023 Agosto,LUIZ PAULO JURASSECHE         ,26.26,30,56.26
98,Pistola,Shot Precision 2023 Agosto,FRANCISCO LUCATELLI          ,22.04,35,57.04
99,Pistola,Shot Precision 2023 Agosto,RICARDO MUNIZ DE CAMARGO        ,31.21,26,57.21
100,Pistola,Shot Precision 2023 Agosto,ROBERTA ROBLES EISENLOHR         ,21.76,36,57.76
101,Pistola,Shot Precision 2023 Agosto,KATIA LUCIA RAMOS ALVES        ,20.83,38,58.83
102,Pistola,Shot Precision 2023 Agosto,MARIA LUCIANA DA SILVA MASCARENHAS       ,40.1,19,59.1
103,Pistola,Shot Precision 2023 Agosto,GISELE PEREIRA DE MELO        ,23.71,36,59.71
104,Pistola,Shot Precision 2023 Agosto,ANTONIO TAVOLIERI NETO         ,22.52,38,60.52
105,Pistola,Shot Precision 2023 Agosto,DHIEGO MOREIRA DE ANDRADE        ,22.54,38,60.54
106,Pistola,Shot Precision 2023 Agosto,NEIDE POLOS PLAZA LENHARO        ,23.02,38,61.02
107,Pistola,Shot Precision 2023 Agosto,MARIZA GIANNINI          ,23.4,38,61.4
108,Pistola,Shot Precision 2023 Agosto,EDILSON LIMA DINIZ         ,24.12,38,62.12
109,Pistola,Shot Precision 2023 Agosto,FELIPE ANDRÉ SILVA SANTOS,24.3,38,62.3
110,Pistola,Shot Precision 2023 Agosto,LUIZ FERNANDO CABRAL GOMES        ,28.96,34,62.96
111,Pistola,Shot Precision 2023 Agosto,JENNER LAZZARO          ,31.91,42,73.91
1,Hard Pistol,IDSC 2023 Agosto,FERNANDO PEREZ          ,28.38,32.14,60.52
2,Hard Pistol,IDSC 2023 Agosto,JOÃO PAULO MAGNOLI         ,36.12,34.66,70.78
3,Hard Pistol,IDSC 2023 Agosto,PETERSON HENRIQUE MOREIRA VIEIRA        ,38.63,52.82,91.45
4,Hard Pistol,IDSC 2023 Agosto,ALEXANDRE VARGAS          ,46.88,45,91.88
5,Hard Pistol,IDSC 2023 Agosto,REYNALDO VELASCO PUGGI         ,48.38,54.58,102.96
6,Hard Pistol,IDSC 2023 Agosto,RAFAEL NOGUEIRA FIGUEIREDO         ,47.37,59.32,106.69
7,Hard Pistol,IDSC 2023 Agosto,WANDERLEY MONTORO          ,44.43,62.6,107.03
8,Hard Pistol,IDSC 2023 Agosto,ANDRE LUIZ SOUZA MENEZES        ,53.19,54.27,107.46
9,Hard Pistol,IDSC 2023 Agosto,GUILHERME CANAL GONÇALVES         ,66.65,48.92,115.57
10,Hard Pistol,IDSC 2023 Agosto,CARLOS FANTONI CARMELO DE OLIVEIRA       ,59.47,56.54,116.01
11,Hard Pistol,IDSC 2023 Agosto,MAURO SÉRGIO MONTEIRO         ,58.76,65.72,124.48
12,Hard Pistol,IDSC 2023 Agosto,MARCUS VINICIUS ZANGRANDI BARBOSA        ,49.57,77.33,126.9
13,Hard Pistol,IDSC 2023 Agosto,RAFAEL GOMES          ,82.09,53.6,135.69
14,Hard Pistol,IDSC 2023 Agosto,ANDRE ROBLES          ,66.54,75.05,141.59
15,Hard Pistol,IDSC 2023 Agosto,FREDERICO PAULO VIALTA         ,61.5,93.08,154.58
16,Hard Pistol,IDSC 2023 Agosto,EVANIA ESKELSEN          ,74.21,85.1,159.31
17,Hard Pistol,IDSC 2023 Agosto,PEDRO HENRIQUE DURAES MOURA        ,70.27,93.78,164.05
18,Hard Pistol,IDSC 2023 Agosto,DEMETRIO ANDRADE CAMPOS         ,91.13,84.91,176.04
19,Hard Pistol,IDSC 2023 Agosto,MARCOS FERNANDO BORGES         ,87.42,101.19,188.61
20,Hard Pistol,IDSC 2023 Agosto,JOYCE MAYRA PEDROSO         ,97.61,92.09,189.7
21,Hard Pistol,IDSC 2023 Agosto,RENATO ROS DE OLIVEIRA        ,105.47,88.96,194.43
22,Hard Pistol,IDSC 2023 Agosto,ANA CAROLINA DE OLIVEIRA COELHO BUENO      ,105.6,95.32,200.92
23,Hard Pistol,IDSC 2023 Agosto,LAERTE ALBINO SILVA JUNIOR        ,91.56,109.38,200.94
24,Hard Pistol,IDSC 2023 Agosto,RODRIGO DUQUE ANDRADE         ,117.75,87.59,205.34
25,Hard Pistol,IDSC 2023 Agosto,ROBERTA ROBLES          ,100.17,107.12,207.29
26,Hard Pistol,IDSC 2023 Agosto,JAIR DOS SANTOS JUNIOR        ,91.42,135.34,226.76
27,Hard Pistol,IDSC 2023 Agosto,KATIA LUCIA RAMOS ALVES        ,129.36,106.54,235.9
28,Hard Pistol,IDSC 2023 Agosto,GIORDANO AUGUSTO DE SOUZA VIANA       ,152.09,93.77,245.86
29,Hard Pistol,IDSC 2023 Agosto,RAFAEL BOARI          ,128.44,153.85,282.29
30,Hard Pistol,IDSC 2023 Agosto,ALEXANDRA BENEDITA LAZARO SILVA        ,134.7,158.52,293.22
31,Hard Pistol,IDSC 2023 Agosto,DIGO NARUKAWA          ,155.49,169.41,324.9
32,Hard Pistol,IDSC 2023 Agosto,RONALDO ANGELICA BRANDÃO         ,275.09,220.41,495.5
33,Hard Pistol,IDSC 2023 Agosto,ALEXANDRE RACHOU CASTILHO,DQ,DQ,DQ
34,Hard Pistol,IDSC 2023 Agosto,CARLOS EDUARDO SANTOS MIDOES,DQ,DQ,DQ
1,Hard Pistol Damas ,IDSC 2023 Agosto,EVANIA ESKELSEN          ,74.21,85.1,159.31
2,Hard Pistol Damas ,IDSC 2023 Agosto,JOYCE MAYRA PEDROSO         ,97.61,92.09,189.7
3,Hard Pistol Damas ,IDSC 2023 Agosto,ANA CAROLINA DE OLIVEIRA COELHO BUENO      ,105.6,95.32,200.92
4,Hard Pistol Damas ,IDSC 2023 Agosto,CAROLINA ANDRADINA GARCIA PEREZ        ,85.93,121.24,207.17
5,Hard Pistol Damas ,IDSC 2023 Agosto,ROBERTA ROBLES          ,100.17,107.12,207.29
6,Hard Pistol Damas ,IDSC 2023 Agosto,KATIA LUCIA RAMOS ALVES        ,129.36,106.54,235.9
7,Hard Pistol Damas ,IDSC 2023 Agosto,ALEXANDRA BENEDITA LAZARO SILVA        ,134.7,158.52,293.22
1,Optical Pistol,IDSC 2023 Agosto,WANDERLEY MONTORO          ,51.19,50.2,101.39
2,Optical Pistol,IDSC 2023 Agosto,WESLEY LEAL SANTOS         ,39.98,62.54,102.52
3,Optical Pistol,IDSC 2023 Agosto,REYNALDO VELASCO PUGGI         ,87.42,47.2,134.62
4,Optical Pistol,IDSC 2023 Agosto,RENATO YURA          ,83.79,149.86,233.65
1,Rimfire Pistol,IDSC 2023 Agosto,WESLEY LEAL SANTOS         ,45.24,62.91,108.15
2,Rimfire Pistol,IDSC 2023 Agosto,ANDRE LUIZ SOUZA MENEZES        ,78.29,44.53,122.82
3,Rimfire Pistol,IDSC 2023 Agosto,REYNALDO VELASCO PUGGI         ,76.33,61.51,137.84
4,Rimfire Pistol,IDSC 2023 Agosto,CAROLINA ANDRADINA GARCIA PEREZ        ,85.93,121.24,207.17
5,Rimfire Pistol,IDSC 2023 Agosto,RENATO YURA          ,103.54,159.05,262.59
1,Soft Pistol,IDSC 2023 Agosto,REYNALDO VELASCO PUGGI         ,59.38,49.21,108.59
2,Soft Pistol,IDSC 2023 Agosto,MILTON FERNANDO VIEGAS JUNIOR        ,66.88,66.17,133.05
3,Soft Pistol,IDSC 2023 Agosto,PEDRO HENRIQUE DURAES MOREIRA        ,57.01,85.1,142.11
4,Soft Pistol,IDSC 2023 Agosto,CHRISTOPHER CARVALHO ESPINDOLA         ,78.87,69,147.87
1,Hard Pistol,IDSC 2023 Setembro,JOAO PAULO MAGNOLI,33.83,29.96,63.79
2,Hard Pistol,IDSC 2023 Setembro,ALEXANDRE ORIANI BARBOSA,44.29,34.23,78.52
3,Hard Pistol,IDSC 2023 Setembro,ALEXANDRE RAVAGNANI VARGAS,35.92,42.7,78.62
4,Hard Pistol,IDSC 2023 Setembro,CARLOS FANTONI CARMELO DE OLIVEIRA,51.76,36.53,88.29
5,Hard Pistol,IDSC 2023 Setembro,ROGERIO VIEIRA ZANNIZZELLI,54.5,44.7,99.2
6,Hard Pistol,IDSC 2023 Setembro,REYNALDO VELASCO PUGGI,59.14,42.58,101.72
7,Hard Pistol,IDSC 2023 Setembro,ALFREDO SIDNEI PAES ROQUE,53.07,57.57,110.64
8,Hard Pistol,IDSC 2023 Setembro,ANDRE ROBLES EISENLOHR,52.23,59.68,111.91
9,Hard Pistol,IDSC 2023 Setembro,JOSE ANTONIO MARIOTO DE FARIA,61.57,66.27,127.84
10,Hard Pistol,IDSC 2023 Setembro,FELIPE SIQUEIRA NETO,75.31,56.15,131.46
11,Hard Pistol,IDSC 2023 Setembro,RENATO ROS DE OLVIERA ,75.64,60.77,136.41
12,Hard Pistol,IDSC 2023 Setembro,MARCUS VINICIUS ZANGRANDI BARBOSA,77.88,62.86,140.74
13,Hard Pistol,IDSC 2023 Setembro,ALEXANDRE RACHOU CASTILHO,66.16,78.09,144.25
14,Hard Pistol,IDSC 2023 Setembro,PEDRO HENRIQUE DURAN MOURA,50.06,96.86,146.92
15,Hard Pistol,IDSC 2023 Setembro,HELIO FELIPE GARCIA,57.9,108.43,166.33
16,Hard Pistol,IDSC 2023 Setembro,EVANIA ESKELSEN,82.37,86.84,169.21
17,Hard Pistol,IDSC 2023 Setembro,ARMANDO AYRIS NETO,82.02,101.02,183.04
18,Hard Pistol,IDSC 2023 Setembro,ROBERTA ROBLES EISENLOHR,106.26,97.22,203.48
19,Hard Pistol,IDSC 2023 Setembro,KATIA LUCIA RAMOS ALVES,128.17,191.55,319.72
1,Soft Pistol,IDSC 2023 Setembro,REYNALDO VELASCO PUGGI,32.95,43.81,76.76
2,Soft Pistol,IDSC 2023 Setembro,FABRICIO DE PAULA SANTOS CARDOSO,42.55,45.61,88.16
3,Soft Pistol,IDSC 2023 Setembro,RAFALE NOGUEIRA FIGUEREDO,53.62,49.34,102.96
4,Soft Pistol,IDSC 2023 Setembro,ALFREDO SIDNEI PAES ROQUE,55.16,57.36,112.52
5,Soft Pistol,IDSC 2023 Setembro,PEDRO HENRIQUE DURAIS MOURA,44.28,74.72,119
6,Soft Pistol,IDSC 2023 Setembro,CHRISTOPHER CARVALHO ESPINDOLA,89.63,76.69,166.32
1,Hard Pistol Damas ,IDSC 2023 Setembro,EVANIA ESKELSEN,82.37,86.84,169.21
2,Hard Pistol Damas ,IDSC 2023 Setembro,ROBERTA ROBLES EISENLOHR,106.26,97.22,203.48
3,Hard Pistol Damas ,IDSC 2023 Setembro,KATIA LUCIA RAMOS ALVES,128.17,191.55,319.72
1,Rimfire Pistol,IDSC 2023 Setembro,PETERSON HENRIQUE MOREIRA VIEIRA,28.2,24.88,53.08
2,Rimfire Pistol,IDSC 2023 Setembro,REYNALDO VELASCO PUGGI,31.61,28.56,60.17
3,Rimfire Pistol,IDSC 2023 Setembro,MARCUS VINICIUS ZANGRANDI BARBOSA,46.93,52.89,99.82
1,Optical Pistol,IDSC 2023 Setembro,WANDERLEY MONTORO,33.89,33.44,67.33
2,Optical Pistol,IDSC 2023 Setembro,REYNALDO VELASCO PUGGI,42.81,38.11,80.92
3,Optical Pistol,IDSC 2023 Setembro,WILL FULIRO DE MEDEIROS NUNES,58.07,55.13,113.2
4,Optical Pistol,IDSC 2023 Setembro,ULISSIS NEMETZ,88.83,109.06,197.89
1,Revolver,Shot Precision 2023 Outubro,PAULO SOUZA DE ANDRADE ,13.41,8.73,22.14
2,Revolver,Shot Precision 2023 Outubro,REYNALDO VELASCO PUGGI,9.58,17,26.58
3,Revolver,Shot Precision 2023 Outubro,WANDERLEY MONTORO,9.41,18,27.41
4,Revolver,Shot Precision 2023 Outubro,EDER LUIZ DA CRUZ ,13.87,19,32.87
5,Revolver,Shot Precision 2023 Outubro,MAURICIO SANTOS S.,22.37,23,45.37
6,Revolver,Shot Precision 2023 Outubro,MIGUEL FELIPE M. SANTOS ,13.08,36,49.08
7,Revolver,Shot Precision 2023 Outubro,JAILTON ALVES MESQUITA ,16.32,36,52.32
8,Revolver,Shot Precision 2023 Outubro,SERGIO APARECIDO CORREA ,22.74,33,55.74
9,Revolver,Shot Precision 2023 Outubro,LAZARO NOGUEIRA PINTO JUNIOR,32.24,34,66.24
1,Pistola,Shot Precision 2023 Outubro,PETERSON HENRIQUE MOREIRA VIEIRA ,6.88,10,16.88
2,Pistola,Shot Precision 2023 Outubro,REYNALDO VELASCO PUGGI,9.13,9,18.13
3,Pistola,Shot Precision 2023 Outubro,PAULO SOUZA DE ANDRADE ,8.75,10,18.75
4,Pistola,Shot Precision 2023 Outubro,WANDERLEY MONTORO,5.96,17,22.96
5,Pistola,Shot Precision 2023 Outubro,ALEXANDRE ORIANI BARBOSA ,14.59,10,24.59
6,Pistola,Shot Precision 2023 Outubro,MARCELO FRANCA SIDOTI,12.61,13,25.61
7,Pistola,Shot Precision 2023 Outubro,NICOLAS MAICON ,5.63,23,28.63
8,Pistola,Shot Precision 2023 Outubro,EDGARD SHIMIZU,10.12,20,30.12
9,Pistola,Shot Precision 2023 Outubro,EDER LUIZ DA CRUZ ,12.71,18,30.71
10,Pistola,Shot Precision 2023 Outubro,GIORDANO AUGUSTO DE SOUZA VIANA ,9.75,21,30.75
11,Pistola,Shot Precision 2023 Outubro,MAURICIO SANTOS SURLANO,14.97,17,31.97
12,Pistola,Shot Precision 2023 Outubro,HARLEY ,9.73,23,32.73
13,Pistola,Shot Precision 2023 Outubro,BRUNO LEITE DOS SANTOS ,17.15,18,35.15
14,Pistola,Shot Precision 2023 Outubro,DEJANYS GOMES DE ARAUJO ,9.99,28,37.99
15,Pistola,Shot Precision 2023 Outubro,RAPHAEL TEIXEIRA DE AS ,8.06,30,38.06
16,Pistola,Shot Precision 2023 Outubro,ALEXANDRE RACHOU CASTILHO ,16.13,22,38.13
17,Pistola,Shot Precision 2023 Outubro,GUSTAVO AGUIAR COUTINHO,13.56,25,38.56
18,Pistola,Shot Precision 2023 Outubro,JAILTON ALVES MESQUITA ,12.75,26,38.75
19,Pistola,Shot Precision 2023 Outubro,ROGERIO CUNHA PEREIRA ,10.78,28,38.78
20,Pistola,Shot Precision 2023 Outubro,FELIPE COUTO DE OLIVEIRA ,9.8,29,38.8
21,Pistola,Shot Precision 2023 Outubro,EDGARD SHIMIZU,18.6,22,40.6
22,Pistola,Shot Precision 2023 Outubro,RONALDO ANGELICA BRANDAO ,11.05,30,41.05
23,Pistola,Shot Precision 2023 Outubro,FRANCISCO DE A.C. MARQUES ,9.6,32,41.6
24,Pistola,Shot Precision 2023 Outubro,LEONARDO CARDOSO GOMES ,13.64,28,41.64
25,Pistola,Shot Precision 2023 Outubro,FABIO LUIS CASAR DE SOUZA ,7.16,35,42.16
26,Pistola,Shot Precision 2023 Outubro,JOSE CARLOS BERNADO,10.4,33,43.4
27,Pistola,Shot Precision 2023 Outubro,JULIO ANTONIO SETE ,9.47,34,43.47
28,Pistola,Shot Precision 2023 Outubro,FELIPE A.S SANTOS ,9.83,34,43.83
29,Pistola,Shot Precision 2023 Outubro,RAFAEL BOARI ,13.84,32,45.84
30,Pistola,Shot Precision 2023 Outubro,PAULO ROBERTO M. FARIA ,15.03,32,47.03
31,Pistola,Shot Precision 2023 Outubro,DOUGLAS TEODORO LIGEIRO ,18.4,29,47.4
32,Pistola,Shot Precision 2023 Outubro,MAURICIO DE MORAES GUEDES ,11.43,36,47.43
33,Pistola,Shot Precision 2023 Outubro,CRISTIAN R. DE CARVALHO ,13.52,34,47.52
34,Pistola,Shot Precision 2023 Outubro,DIOGENES LAZARIM FILHO ,12.59,36,48.59
35,Pistola,Shot Precision 2023 Outubro,JOAO ANIBAL CARNEIRO ,16.73,32,48.73
36,Pistola,Shot Precision 2023 Outubro,DANILO BUZZO,12.5,37,49.5
37,Pistola,Shot Precision 2023 Outubro,JESSICA ALVES EUZEBIO,20.87,29,49.87
38,Pistola,Shot Precision 2023 Outubro,LUIZ FERNANDO CABRAL GOMES ,21.07,29,50.07
39,Pistola,Shot Precision 2023 Outubro,PAULO HENRIQUE FERREIRA DA SILVA ,18.38,32,50.38
40,Pistola,Shot Precision 2023 Outubro,SERGIO APARECIDO CORREA ,16.12,35,51.12
41,Pistola,Shot Precision 2023 Outubro,DIOGO NARUKAUA ,17.23,34,51.23
42,Pistola,Shot Precision 2023 Outubro,CLAYTON MARINHO VALADAO ,11.6,40,51.6
43,Pistola,Shot Precision 2023 Outubro,ANDRE LUIZ RODRIGUES L.,25.93,26,51.93
44,Pistola,Shot Precision 2023 Outubro,LUCAS C.C.C DOS SANTOS ,18.19,34,52.19
45,Pistola,Shot Precision 2023 Outubro,MARCIA KARINE ,17.21,36,53.21
46,Pistola,Shot Precision 2023 Outubro,LUIS CLAUDIO DE OLIVEIRA CASTILHO,19.02,40,59.02
47,Pistola,Shot Precision 2023 Outubro,JOAO BAPTISTA ANDRADE DE P. NETO ,28.34,38,66.34
1,Carabina Puma,Shot Precision 2023 Outubro, JULIO ANTONIO SETE,9.6,17,26.6
2,Carabina Puma,Shot Precision 2023 Outubro,GUSTAVO AGUIAR COELHO ,19.56,17,36.56
3,Carabina Puma,Shot Precision 2023 Outubro,WANDERLEY MONTORO,12.05,34,46.05
1,Carabina 22Lr,Shot Precision 2023 Outubro,RENATO LERARIO ,8.95,4,12.95
2,Carabina 22Lr,Shot Precision 2023 Outubro,WANDERLEY MONTORO ,4.84,14,18.84
1,Carabina Semi-Auto,Shot Precision 2023 Outubro,REYNALDO VELASCO PUGGI,10.04,14,24.04
